"DateTime";"Смертей за день";"Заражений за день";"Выздоровлений за день"
2020-01-22 00:00:00;17;557;30
2020-01-23 00:00:00;1;100;2
2020-01-24 00:00:00;8;287;7
2020-01-25 00:00:00;16;493;3
2020-01-26 00:00:00;14;683;14
2020-01-27 00:00:00;26;809;9
2020-01-28 00:00:00;49;2651;43
2020-01-29 00:00:00;2;589;19
2020-01-30 00:00:00;39;2068;18
2020-01-31 00:00:00;42;1690;80
2020-02-01 00:00:00;46;2111;62
2020-02-02 00:00:00;104;4749;189
2020-02-03 00:00:00;64;3100;151
2020-02-04 00:00:00;66;4012;230
2020-02-05 00:00:00;72;3745;273
2020-02-06 00:00:00;70;3162;363
2020-02-07 00:00:00;85;3594;523
2020-02-08 00:00:00;87;2731;601
2020-02-09 00:00:00;100;3031;630
2020-02-10 00:00:00;107;2609;702
2020-02-11 00:00:00;100;2043;735
2020-02-12 00:00:00;5;418;467
2020-02-13 00:00:00;253;15152;1143
2020-02-14 00:00:00;152;6528;1767
2020-02-15 00:00:00;143;2143;1336
2020-02-16 00:00:00;104;2183;1470
2020-02-17 00:00:00;98;2035;1720
2020-02-18 00:00:00;140;1882;1765
2020-02-19 00:00:00;115;500;1771
2020-02-20 00:00:00;125;561;2058
2020-02-21 00:00:00;4;630;713
2020-02-22 00:00:00;208;1762;3998
2020-02-23 00:00:00;11;382;505
2020-02-24 00:00:00;160;568;1832
2020-02-25 00:00:00;80;854;2678
2020-02-26 00:00:00;61;972;2481
2020-02-27 00:00:00;43;1344;2894
2020-02-28 00:00:00;59;1424;3432
2020-02-29 00:00:00;70;1871;3071
2020-03-01 00:00:00;54;2379;2936
2020-03-02 00:00:00;90;1980;2884
2020-03-03 00:00:00;74;2612;2622
2020-03-04 00:00:00;96;2322;2943
2020-03-05 00:00:00;95;2711;2626
2020-03-06 00:00:00;114;3930;2068
2020-03-07 00:00:00;104;4131;2494
2020-03-08 00:00:00;242;3854;2337
2020-03-09 00:00:00;194;4323;1800
2020-03-10 00:00:00;275;4786;1907
2020-03-11 00:00:00;352;7476;2597
2020-03-12 00:00:00;321;6756;1329
2020-03-13 00:00:00;503;13194;1927
2020-03-14 00:00:00;426;10888;2367
2020-03-15 00:00:00;670;11233;3409
2020-03-16 00:00:00;709;14567;2055
2020-03-17 00:00:00;852;15174;2744
2020-03-18 00:00:00;956;17561;2487
2020-03-19 00:00:00;1142;27087;1641
2020-03-20 00:00:00;1574;29530;2445
2020-03-21 00:00:00;1807;32427;4247
2020-03-22 00:00:00;1828;34212;6217
2020-03-23 00:00:00;2094;42555;488
2020-03-24 00:00:00;2426;41883;9619
2020-03-25 00:00:00;2971;51481;5779
2020-03-26 00:00:00;3250;60814;8372
2020-03-27 00:00:00;3639;63931;8785
2020-03-28 00:00:00;4049;69582;8511
2020-03-29 00:00:00;3818;56516;9456
2020-03-30 00:00:00;4369;65011;15336
2020-03-31 00:00:00;5164;78442;13590
2020-04-01 00:00:00;6642;86347;15272
2020-04-02 00:00:00;6241;82444;17143
2020-04-03 00:00:00;6496;84203;15422
2020-04-04 00:00:00;6359;60130;20412
2020-04-05 00:00:00;5921;71713;13836
2020-04-06 00:00:00;6425;74724;16709
2020-04-07 00:00:00;8517;68942;23262
2020-04-08 00:00:00;7217;82176;28882
2020-04-09 00:00:00;8151;87177;25254
2020-04-10 00:00:00;7741;86430;21738
2020-04-11 00:00:00;6980;75508;26250
2020-04-12 00:00:00;6512;118581;19383
2020-04-13 00:00:00;6511;71833;27257
2020-04-14 00:00:00;7355;84618;25074
2020-04-15 00:00:00;8764;78268;36539
2020-04-16 00:00:00;7710;94459;30883
2020-04-17 00:00:00;8883;87871;26184
2020-04-18 00:00:00;6430;78228;23866
2020-04-19 00:00:00;6100;76326;31783
2020-04-20 00:00:00;6511;76492;22178
2020-04-21 00:00:00;7194;76081;34802
2020-04-22 00:00:00;7277;82017;30085
2020-04-23 00:00:00;7271;82689;28730
2020-04-24 00:00:00;6838;83569;50029
2020-04-25 00:00:00;6049;83170;27755
2020-04-26 00:00:00;4818;70763;28812
2020-04-27 00:00:00;5445;71029;27884
2020-04-28 00:00:00;6626;75755;33212
2020-04-29 00:00:00;6980;77318;42077
2020-04-30 00:00:00;6255;83704;65116
2020-05-01 00:00:00;5587;88970;38157
2020-05-02 00:00:00;6015;78224;40651
2020-05-03 00:00:00;4277;74006;32533
2020-05-04 00:00:00;4844;77606;34086
2020-05-05 00:00:00;6147;79656;36473
2020-05-06 00:00:00;6763;90439;46119
2020-05-07 00:00:00;5867;88553;39525
2020-05-08 00:00:00;5953;90413;36413
2020-05-09 00:00:00;4917;84241;53441
2020-05-10 00:00:00;4337;75213;33809
2020-05-11 00:00:00;4078;76177;46885
2020-05-12 00:00:00;5733;85386;37042
2020-05-13 00:00:00;5437;84415;55872
2020-05-14 00:00:00;5752;95643;39711
2020-05-15 00:00:00;5756;96330;48103
2020-05-16 00:00:00;4541;93907;56411
2020-05-17 00:00:00;3878;78347;41008
2020-05-18 00:00:00;4395;89139;52916
2020-05-19 00:00:00;4968;95609;52052
2020-05-20 00:00:00;5406;105422;58970
2020-05-21 00:00:00;5036;105954;51220
2020-05-22 00:00:00;5706;107251;108547
2020-05-23 00:00:00;4453;104107;54834
2020-05-24 00:00:00;3403;93207;55527
2020-05-25 00:00:00;1694;88211;63729
2020-05-26 00:00:00;4778;92358;55152
2020-05-27 00:00:00;5219;102552;63327
2020-05-28 00:00:00;4992;119993;66863
2020-05-29 00:00:00;5156;121476;77265
2020-05-30 00:00:00;4361;135040;70450
2020-05-31 00:00:00;3289;102859;76384
2020-06-01 00:00:00;3741;100280;54925
2020-06-02 00:00:00;5264;122745;104112
2020-06-03 00:00:00;5620;111253;79091
2020-06-04 00:00:00;5528;138326;70070
2020-06-05 00:00:00;5057;133563;69165
2020-06-06 00:00:00;4140;129331;72204
2020-06-07 00:00:00;3257;111011;55109
2020-06-08 00:00:00;4455;103053;151611
2020-06-09 00:00:00;5045;125995;82270
2020-06-10 00:00:00;5428;137192;79171
2020-06-11 00:00:00;5140;136192;85879
2020-06-12 00:00:00;4744;127473;79720
2020-06-13 00:00:00;4392;133901;85892
2020-06-14 00:00:00;3781;131945;70819
2020-06-15 00:00:00;4067;124922;80275
2020-06-16 00:00:00;7119;143910;97863
2020-06-17 00:00:00;5477;143205;118831
2020-06-18 00:00:00;5354;143096;81163
2020-06-19 00:00:00;6361;180986;94990
2020-06-20 00:00:00;4482;185879;115854
2020-06-21 00:00:00;4644;93061;68686
2020-06-22 00:00:00;3867;142335;91633
2020-06-23 00:00:00;5568;168180;104055
2020-06-24 00:00:00;5498;171466;115751
2020-06-25 00:00:00;5110;179510;92884
2020-06-26 00:00:00;5083;192475;105980
2020-06-27 00:00:00;4736;176397;106286
2020-06-28 00:00:00;3617;168452;89203
2020-06-29 00:00:00;4074;152713;94571
2020-06-30 00:00:00;5250;183754;117340
2020-07-01 00:00:00;5341;215130;115914
2020-07-02 00:00:00;5507;204961;284934
2020-07-03 00:00:00;5243;202625;109888
2020-07-04 00:00:00;4793;189705;195760
2020-07-05 00:00:00;3834;186215;119363
2020-07-06 00:00:00;4279;168279;123699
2020-07-07 00:00:00;6360;209578;145033
2020-07-08 00:00:00;5628;215267;158056
2020-07-09 00:00:00;5846;224570;134618
2020-07-10 00:00:00;5746;233100;139446
2020-07-11 00:00:00;5129;212799;125692
2020-07-12 00:00:00;4314;192928;111836
2020-07-13 00:00:00;4427;194478;140323
2020-07-14 00:00:00;5976;221006;142252
2020-07-15 00:00:00;5926;229776;159806
2020-07-16 00:00:00;6172;244897;152485
2020-07-17 00:00:00;7020;237438;183421
2020-07-18 00:00:00;6531;235323;150787
2020-07-19 00:00:00;4913;211886;88058
2020-07-20 00:00:00;3945;208169;159128
2020-07-21 00:00:00;6360;243011;174696
2020-07-22 00:00:00;7399;275353;179732
2020-07-23 00:00:00;6657;279641;176230
2020-07-24 00:00:00;6442;283501;228300
2020-07-25 00:00:00;6084;249547;219812
2020-07-26 00:00:00;4385;211800;143301
2020-07-27 00:00:00;5303;234390;171383
2020-07-28 00:00:00;6935;263876;170458
2020-07-29 00:00:00;6649;270240;202586
2020-07-30 00:00:00;6771;281764;213519
2020-07-31 00:00:00;6587;287454;199606
2020-08-01 00:00:00;6012;246248;180911
2020-08-02 00:00:00;4676;230603;138724
2020-08-03 00:00:00;4830;206073;222445
2020-08-04 00:00:00;7174;265314;223657
2020-08-05 00:00:00;7404;275155;221695
2020-08-06 00:00:00;6834;286718;188807
2020-08-07 00:00:00;6750;282433;192046
2020-08-08 00:00:00;6040;265230;200244
2020-08-09 00:00:00;5194;232993;178778
2020-08-10 00:00:00;5378;233222;164211
2020-08-11 00:00:00;6615;265560;305068
2020-08-12 00:00:00;6950;275076;240645
2020-08-13 00:00:00;6793;290102;163916
2020-08-14 00:00:00;6585;307086;283242
2020-08-15 00:00:00;6032;249018;168604
2020-08-16 00:00:00;4804;210037;232954
2020-08-17 00:00:00;4642;212885;211012
2020-08-18 00:00:00;7056;259419;227595
2020-08-19 00:00:00;6407;277468;217997
2020-08-20 00:00:00;6447;271471;207790
2020-08-21 00:00:00;5752;261961;168494
2020-08-22 00:00:00;5782;263526;209917
2020-08-23 00:00:00;4334;202750;216531
2020-08-24 00:00:00;4836;228100;199421
2020-08-25 00:00:00;6567;245200;231549
2020-08-26 00:00:00;6552;281684;225734
2020-08-27 00:00:00;6215;287255;207237
2020-08-28 00:00:00;5820;283932;199118
2020-08-29 00:00:00;5787;260711;211413
2020-08-30 00:00:00;4274;219729;210240
2020-08-31 00:00:00;4430;264310;200790
2020-09-01 00:00:00;6607;266881;257962
2020-09-02 00:00:00;6299;281878;219237
2020-09-03 00:00:00;6099;285414;221369
2020-09-04 00:00:00;5841;301726;213501
2020-09-05 00:00:00;5095;273692;200988
2020-09-06 00:00:00;4135;228988;211791
2020-09-07 00:00:00;9623;217283;197548
2020-09-08 00:00:00;5123;246504;201797
2020-09-09 00:00:00;6265;285293;240267
2020-09-10 00:00:00;6004;304400;216661
2020-09-11 00:00:00;5998;316357;223670
2020-09-12 00:00:00;5057;288689;222934
2020-09-13 00:00:00;3965;248824;187848
2020-09-14 00:00:00;4604;267155;228499
2020-09-15 00:00:00;6564;280531;226287
2020-09-16 00:00:00;5869;304956;229477
2020-09-17 00:00:00;5651;315571;220211
2020-09-18 00:00:00;5855;326627;251149
2020-09-19 00:00:00;5273;293082;236985
2020-09-20 00:00:00;3988;255107;237077
2020-09-21 00:00:00;4429;259932;245478
2020-09-22 00:00:00;6151;284299;219393
2020-09-23 00:00:00;6550;311641;263413
2020-09-24 00:00:00;5660;320901;255670
2020-09-25 00:00:00;6019;330005;239208
2020-09-26 00:00:00;5431;285665;262143
2020-09-27 00:00:00;3883;246977;213879
2020-09-28 00:00:00;4120;262755;222542
2020-09-29 00:00:00;6062;282775;241284
2020-09-30 00:00:00;6426;324529;248218
2020-10-01 00:00:00;8893;319105;221542
2020-10-02 00:00:00;5680;329480;172285
2020-10-03 00:00:00;4781;297289;255601
2020-10-04 00:00:00;4025;260496;222159
2020-10-05 00:00:00;7092;311372;237468
2020-10-06 00:00:00;5860;316057;232626
2020-10-07 00:00:00;5925;349246;255191
2020-10-08 00:00:00;6382;359296;219506
2020-10-09 00:00:00;6192;360388;206790
2020-10-10 00:00:00;4904;355445;195405
2020-10-11 00:00:00;4195;289435;222640
2020-10-12 00:00:00;4131;290044;200119
2020-10-13 00:00:00;5335;319367;192445
2020-10-14 00:00:00;6165;380698;212285
2020-10-15 00:00:00;6210;406936;207327
2020-10-16 00:00:00;6220;410482;203014
2020-10-17 00:00:00;5727;372036;198283
2020-10-18 00:00:00;3981;331183;201511
2020-10-19 00:00:00;4843;374968;202531
2020-10-20 00:00:00;6628;388794;211447
2020-10-21 00:00:00;6909;439490;211222
2020-10-22 00:00:00;5958;482026;226793
2020-10-23 00:00:00;7107;493830;206734
2020-10-24 00:00:00;5918;456227;211581
2020-10-25 00:00:00;4365;358786;197258
2020-10-26 00:00:00;5837;483116;239135
2020-10-27 00:00:00;7411;468408;589705
2020-10-28 00:00:00;7177;521670;265962
2020-10-29 00:00:00;7238;551383;246751
2020-10-30 00:00:00;7774;571723;255774
2020-10-31 00:00:00;6647;472027;244329
2020-11-01 00:00:00;5356;439111;257947
2020-11-02 00:00:00;6326;548433;280137
2020-11-03 00:00:00;9573;565418;251573
2020-11-04 00:00:00;9930;492157;279319
2020-11-05 00:00:00;8716;619286;303655
2020-11-06 00:00:00;9192;623050;288361
2020-11-07 00:00:00;7786;599043;299016
2020-11-08 00:00:00;6399;490838;253240
2020-11-09 00:00:00;7579;509873;257053
2020-11-10 00:00:00;9751;570899;257360
2020-11-11 00:00:00;10416;624643;380224
2020-11-12 00:00:00;9718;640137;226239
2020-11-13 00:00:00;9932;660975;302132
2020-11-14 00:00:00;9138;586693;277819
2020-11-15 00:00:00;6958;490167;230760
2020-11-16 00:00:00;8057;525859;390730
2020-11-17 00:00:00;10974;602087;433591
2020-11-18 00:00:00;11472;622213;363110
2020-11-19 00:00:00;11142;653862;374299
2020-11-20 00:00:00;11752;674159;355424
2020-11-21 00:00:00;9304;592342;339270
2020-11-22 00:00:00;7669;498025;273724
2020-11-23 00:00:00;8728;534328;411213
2020-11-24 00:00:00;12522;590633;372179
2020-11-25 00:00:00;12024;617108;437410
2020-11-26 00:00:00;10935;589033;366876
2020-11-27 00:00:00;11520;695381;381626
2020-11-28 00:00:00;9513;607365;359706
2020-11-29 00:00:00;7657;495554;318283
2020-11-30 00:00:00;9048;506755;402256
2020-12-01 00:00:00;12447;614769;476204
2020-12-02 00:00:00;12390;640291;462926
2020-12-03 00:00:00;12708;690593;426984
2020-12-04 00:00:00;12469;696471;490617
2020-12-05 00:00:00;10601;642144;435948
2020-12-06 00:00:00;8093;543899;316044
2020-12-07 00:00:00;8844;535139;413139
2020-12-08 00:00:00;12036;630512;440771
2020-12-09 00:00:00;12557;665385;426480
2020-12-10 00:00:00;12420;1495353;491226
2020-12-11 00:00:00;13185;705791;478140
2020-12-12 00:00:00;10829;648516;1504943
2020-12-13 00:00:00;8257;538778;395119
2020-12-14 00:00:00;9193;551266;308085
2020-12-15 00:00:00;13225;648590;358164
2020-12-16 00:00:00;13924;717633;362220
2020-12-17 00:00:00;13171;738592;375409
2020-12-18 00:00:00;13039;721518;317728
2020-12-19 00:00:00;11257;635342;351586
2020-12-20 00:00:00;8376;547298;276829
2020-12-21 00:00:00;9485;546414;343220
2020-12-22 00:00:00;13875;651412;363185
2020-12-23 00:00:00;13749;682140;324140
2020-12-24 00:00:00;12206;693331;314672
2020-12-25 00:00:00;9031;518748;291606
2020-12-26 00:00:00;7941;507103;408164
2020-12-27 00:00:00;8117;413156;292388
2020-12-28 00:00:00;9544;499335;298426
2020-12-29 00:00:00;14972;671689;353095
2020-12-30 00:00:00;15418;725326;388245
2020-12-31 00:00:00;13493;839582;298332
2021-01-01 00:00:00;10157;586665;303304
2021-01-02 00:00:00;8837;581277;255185
2021-01-03 00:00:00;7964;520281;268482
2021-01-04 00:00:00;9950;557646;290408
2021-01-05 00:00:00;15415;740824;315361
2021-01-06 00:00:00;14924;791074;313125
2021-01-07 00:00:00;14965;869909;323931
2021-01-08 00:00:00;15215;835534;297263
2021-01-09 00:00:00;13355;756108;330245
2021-01-10 00:00:00;9555;601512;270550
2021-01-11 00:00:00;10284;614645;290288
2021-01-12 00:00:00;16984;692384;343557
2021-01-13 00:00:00;16482;743315;366061
2021-01-14 00:00:00;15714;759084;372845
2021-01-15 00:00:00;15718;783900;320622
2021-01-16 00:00:00;14029;656801;317055
2021-01-17 00:00:00;9836;527581;315715
2021-01-18 00:00:00;10443;517235;318753
2021-01-19 00:00:00;15706;592759;402944
2021-01-20 00:00:00;17731;687216;327771
2021-01-21 00:00:00;17330;668797;366139
2021-01-22 00:00:00;16068;663580;381757
2021-01-23 00:00:00;14563;576622;316493
2021-01-24 00:00:00;9759;461968;310957
2021-01-25 00:00:00;11141;481608;314441
2021-01-26 00:00:00;17379;561294;329543
2021-01-27 00:00:00;16920;601003;340769
2021-01-28 00:00:00;16567;615109;315659
2021-01-29 00:00:00;15728;588995;364107
2021-01-30 00:00:00;13323;514823;351166
2021-01-31 00:00:00;9547;396591;288899
2021-02-01 00:00:00;10244;443085;272642
2021-02-02 00:00:00;14851;465534;350190
2021-02-03 00:00:00;15866;525306;329847
2021-02-04 00:00:00;12929;471774;293989
2021-02-05 00:00:00;17180;536524;281287
2021-02-06 00:00:00;11857;435159;294557
2021-02-07 00:00:00;7766;351544;277435
2021-02-08 00:00:00;9559;339958;232834
2021-02-09 00:00:00;14735;407234;371608
2021-02-10 00:00:00;13858;440473;269308
2021-02-11 00:00:00;13873;443783;276085
2021-02-12 00:00:00;12883;429601;287599
2021-02-13 00:00:00;10684;380468;246243
2021-02-14 00:00:00;7103;308645;195431
2021-02-15 00:00:00;7817;280884;288613
2021-02-16 00:00:00;11098;359777;235405
2021-02-17 00:00:00;11352;386365;293941
2021-02-18 00:00:00;11989;410798;236618
2021-02-19 00:00:00;11653;409660;234636
2021-02-20 00:00:00;9110;375166;269216
2021-02-21 00:00:00;6790;319557;217257
2021-02-22 00:00:00;7251;295586;182570
2021-02-23 00:00:00;11479;392733;278630
2021-02-24 00:00:00;12444;444964;209459
2021-02-25 00:00:00;10907;452981;227692
2021-02-26 00:00:00;10557;441959;260268
2021-02-27 00:00:00;8731;396716;250722
2021-02-28 00:00:00;6497;307782;175177
2021-03-01 00:00:00;7606;305534;214926
2021-03-02 00:00:00;10248;313254;270104
2021-03-03 00:00:00;11505;441860;229408
2021-03-04 00:00:00;10461;458447;250280
2021-03-05 00:00:00;10483;449118;226360
2021-03-06 00:00:00;8320;414011;236503
2021-03-07 00:00:00;6080;374440;238320
2021-03-08 00:00:00;7190;305520;274558
2021-03-09 00:00:00;10494;414038;262233
2021-03-10 00:00:00;10153;458865;235356
2021-03-11 00:00:00;10214;489685;272617
2021-03-12 00:00:00;9860;489257;268556
2021-03-13 00:00:00;8609;455604;252532
2021-03-14 00:00:00;5917;365072;245688
2021-03-15 00:00:00;7563;354111;289879
2021-03-16 00:00:00;10621;467030;266485
2021-03-17 00:00:00;10590;545719;264536
2021-03-18 00:00:00;10720;547932;269076
2021-03-19 00:00:00;10819;562541;279061
2021-03-20 00:00:00;8786;498430;258211
2021-03-21 00:00:00;8555;440464;280099
2021-03-22 00:00:00;7966;421189;334629
2021-03-23 00:00:00;11456;505874;313142
2021-03-24 00:00:00;10673;629709;335642
2021-03-25 00:00:00;11554;652192;311817
2021-03-26 00:00:00;12773;640037;364586
2021-03-27 00:00:00;10211;584525;305253
2021-03-28 00:00:00;7284;492654;328788
2021-03-29 00:00:00;8665;459306;304436
2021-03-30 00:00:00;11904;562207;335243
2021-03-31 00:00:00;12927;673904;382509
2021-04-01 00:00:00;12303;709824;344786
2021-04-02 00:00:00;10647;644803;320207
2021-04-03 00:00:00;9340;540337;366001
2021-04-04 00:00:00;7429;559922;348188
2021-04-05 00:00:00;8254;497016;347813
2021-04-06 00:00:00;12457;607488;369996
2021-04-07 00:00:00;15362;663157;483305
2021-04-08 00:00:00;14304;836055;395259
2021-04-09 00:00:00;14346;747324;453713
2021-04-10 00:00:00;13008;670625;384994
2021-04-11 00:00:00;9122;709606;530472
2021-04-12 00:00:00;9905;613873;394732
2021-04-13 00:00:00;13796;763802;486462
2021-04-14 00:00:00;14094;811334;446890
2021-04-15 00:00:00;13658;821222;444402
2021-04-16 00:00:00;13379;859871;504117
2021-04-17 00:00:00;12614;793958;518536
2021-04-18 00:00:00;9136;700107;580191
2021-04-19 00:00:00;11133;690967;535375
2021-04-20 00:00:00;14294;839473;604837
2021-04-21 00:00:00;14755;889263;512300
2021-04-22 00:00:00;13923;899372;636296
2021-04-23 00:00:00;15260;907682;639832
2021-04-24 00:00:00;13132;824210;576291
2021-04-25 00:00:00;10773;728479;533814
2021-04-26 00:00:00;11633;689071;687366
2021-04-27 00:00:00;15001;839086;680904
2021-04-28 00:00:00;15946;898824;596665
2021-04-29 00:00:00;15740;894038;707316
2021-04-30 00:00:00;14423;891379;686596
2021-05-01 00:00:00;13040;794898;682450
2021-05-02 00:00:00;10326;687269;693014
2021-05-03 00:00:00;11685;690456;643489
2021-05-04 00:00:00;14092;784947;656900
2021-05-05 00:00:00;14905;842022;713482
2021-05-06 00:00:00;14576;872831;675612
2021-05-07 00:00:00;14466;834839;696129
2021-05-08 00:00:00;13329;788289;711005
2021-05-09 00:00:00;10474;649405;662793
2021-05-10 00:00:00;11092;625661;628686
2021-05-11 00:00:00;14171;725794;751004
2021-05-12 00:00:00;14140;767501;647549
2021-05-13 00:00:00;13440;734689;690117
2021-05-14 00:00:00;13028;709584;665347
2021-05-15 00:00:00;12284;631598;642537
2021-05-16 00:00:00;10302;546622;667404
2021-05-17 00:00:00;11330;543541;744462
2021-05-18 00:00:00;14077;619628;743113
2021-05-19 00:00:00;13457;672071;698027
2021-05-20 00:00:00;13179;282294;636689
2021-05-21 00:00:00;12978;626487;614788
2021-05-22 00:00:00;11445;572349;616761
2021-05-23 00:00:00;9862;481620;501971
2021-05-24 00:00:00;9150;451090;627592
2021-05-25 00:00:00;12983;533398;577063
2021-05-26 00:00:00;12806;568449;555813
2021-05-27 00:00:00;12940;546886;697358
2021-05-28 00:00:00;12021;505519;554963
2021-05-29 00:00:00;10808;480424;507600
2021-05-30 00:00:00;8400;389945;489929
2021-05-31 00:00:00;8696;387055;529169
2021-06-01 00:00:00;15214;460000;583883
2021-06-02 00:00:00;11921;487623;528374
2021-06-03 00:00:00;10160;480510;429190
2021-06-04 00:00:00;10660;424915;525502
2021-06-05 00:00:00;9411;396650;478130
2021-06-06 00:00:00;7306;322981;441526
2021-06-07 00:00:00;8078;321770;421997
2021-06-08 00:00:00;10655;370112;414736
2021-06-09 00:00:00;10183;418298;452695
2021-06-10 00:00:00;15981;453502;413689
2021-06-11 00:00:00;11740;422049;375532
2021-06-12 00:00:00;9809;368380;338974
2021-06-13 00:00:00;9271;302798;429661
2021-06-14 00:00:00;7994;309301;346774
2021-06-15 00:00:00;10751;374759;460145
2021-06-16 00:00:00;10082;389174;349227
2021-06-17 00:00:00;9299;395992;380478
2021-06-18 00:00:00;9193;403505;319563
2021-06-19 00:00:00;8180;348402;331850
2021-06-20 00:00:00;6768;303652;265094
2021-06-21 00:00:00;6983;296659;357218
2021-06-22 00:00:00;8988;410212;303404
2021-06-23 00:00:00;9346;396631;399743
2021-06-24 00:00:00;8659;409257;289711
2021-06-25 00:00:00;9234;417681;328647
2021-06-26 00:00:00;7543;362911;294559
2021-06-27 00:00:00;6094;311233;258739
2021-06-28 00:00:00;6561;333023;327456
2021-06-29 00:00:00;8160;381203;293416
2021-06-30 00:00:00;9206;399474;280941
2021-07-01 00:00:00;8541;435537;427856
2021-07-02 00:00:00;8372;442364;291042
2021-07-03 00:00:00;6917;374482;269775
2021-07-04 00:00:00;6647;328297;298888
2021-07-05 00:00:00;7367;376683;366993
2021-07-06 00:00:00;8484;450536;327843
2021-07-07 00:00:00;8553;465251;268163
2021-07-08 00:00:00;8920;481873;292651
2021-07-09 00:00:00;8414;513251;339118
2021-07-10 00:00:00;6599;422040;444204
2021-07-11 00:00:00;7638;370631;290486
2021-07-12 00:00:00;8103;432467;302236
2021-07-13 00:00:00;8383;525629;283447
2021-07-14 00:00:00;8594;538010;329741
2021-07-15 00:00:00;8636;576437;281056
2021-07-16 00:00:00;8761;595939;390705
2021-07-17 00:00:00;7531;490453;280789
2021-07-18 00:00:00;6604;421487;316483
2021-07-19 00:00:00;7200;486581;306721
2021-07-20 00:00:00;20702;532381;320180
2021-07-21 00:00:00;8665;556125;306583
2021-07-22 00:00:00;8780;565198;356128
2021-07-23 00:00:00;8334;728164;246390
2021-07-24 00:00:00;8688;433792;517226
2021-07-25 00:00:00;7384;446972;327417
2021-07-26 00:00:00;8474;537338;300460
2021-07-27 00:00:00;9789;606250;345839
2021-07-28 00:00:00;10125;650095;336663
2021-07-29 00:00:00;10265;642875;348388
2021-07-30 00:00:00;9603;732379;307191
2021-07-31 00:00:00;8862;519680;303929
2021-08-01 00:00:00;7418;485128;289178
2021-08-02 00:00:00;8100;566653;283144
2021-08-03 00:00:00;10353;634166;304468
2021-08-04 00:00:00;10489;680560;317060
2021-08-05 00:00:00;10991;685608;""
2021-08-06 00:00:00;10473;819476;""
2021-08-07 00:00:00;8696;564430;""
2021-08-08 00:00:00;7495;470796;""
2021-08-09 00:00:00;8798;612789;""
2021-08-10 00:00:00;11528;645683;""
2021-08-11 00:00:00;10522;730779;""
2021-08-12 00:00:00;10513;705707;""
2021-08-13 00:00:00;10471;801928;""
2021-08-14 00:00:00;8743;558494;""
2021-08-15 00:00:00;7450;471382;""
2021-08-16 00:00:00;9844;654008;""
2021-08-17 00:00:00;10707;682569;""
2021-08-18 00:00:00;10820;735735;""
2021-08-19 00:00:00;11453;711636;""
2021-08-20 00:00:00;10501;785344;""
2021-08-21 00:00:00;8935;567061;""
2021-08-22 00:00:00;7782;455072;""
2021-08-23 00:00:00;10034;669071;""
2021-08-24 00:00:00;11023;676745;""
2021-08-25 00:00:00;11315;737465;""
2021-08-26 00:00:00;11595;736420;""
2021-08-27 00:00:00;10411;751136;""
2021-08-28 00:00:00;8456;567533;""
2021-08-29 00:00:00;6836;455191;""
2021-08-30 00:00:00;9534;653145;""
2021-08-31 00:00:00;9317;620550;""
2021-09-01 00:00:00;12422;719300;""
2021-09-02 00:00:00;11206;676664;""
2021-09-03 00:00:00;10725;723708;""
2021-09-04 00:00:00;7789;507475;""
2021-09-05 00:00:00;6597;457363;""
2021-09-06 00:00:00;8112;456437;""
2021-09-07 00:00:00;10465;656451;""
2021-09-08 00:00:00;10098;637856;""
2021-09-09 00:00:00;10750;640097;""
2021-09-10 00:00:00;9185;658852;""
2021-09-11 00:00:00;8414;479610;""
2021-09-12 00:00:00;5672;378698;""
2021-09-13 00:00:00;9107;559388;""
2021-09-14 00:00:00;9910;549760;""
2021-09-15 00:00:00;10432;567055;""
2021-09-16 00:00:00;10520;587307;""
2021-09-17 00:00:00;9055;623300;""
2021-09-18 00:00:00;6553;532711;""
2021-09-19 00:00:00;6131;370706;""
2021-09-20 00:00:00;8271;513989;""
2021-09-21 00:00:00;9359;488621;""
2021-09-22 00:00:00;9722;535078;""
2021-09-23 00:00:00;9848;547588;""
2021-09-24 00:00:00;8696;549322;""
2021-09-25 00:00:00;5539;381148;""
2021-09-26 00:00:00;5559;363563;""
2021-09-27 00:00:00;7689;467818;""
2021-09-28 00:00:00;9376;450910;""
2021-09-29 00:00:00;9294;491097;""
2021-09-30 00:00:00;8878;489838;""
2021-10-01 00:00:00;8634;522079;""
2021-10-02 00:00:00;5981;359117;""
2021-10-03 00:00:00;4368;315197;""
2021-10-04 00:00:00;7165;432416;""
2021-10-05 00:00:00;7372;422770;""
2021-10-06 00:00:00;9135;507158;""
2021-10-07 00:00:00;8961;461758;""
2021-10-08 00:00:00;7560;475489;""
2021-10-09 00:00:00;4888;348993;""
2021-10-10 00:00:00;4781;324039;""
2021-10-11 00:00:00;5874;371543;""
2021-10-12 00:00:00;7978;438147;""
2021-10-13 00:00:00;8906;456517;""
2021-10-14 00:00:00;8009;453336;""
2021-10-15 00:00:00;7206;458082;""
2021-10-16 00:00:00;5416;352266;""
2021-10-17 00:00:00;4377;321964;""
2021-10-18 00:00:00;6507;408177;""
2021-10-19 00:00:00;7986;431537;""
2021-10-20 00:00:00;8669;476394;""
2021-10-21 00:00:00;7761;461989;""
2021-10-22 00:00:00;8169;492893;""
2021-10-23 00:00:00;5972;385348;""
2021-10-24 00:00:00;4663;322916;""
2021-10-25 00:00:00;6793;423539;""
2021-10-26 00:00:00;7741;426426;""
2021-10-27 00:00:00;9144;514059;""
2021-10-28 00:00:00;8933;482993;""
2021-10-29 00:00:00;7820;494202;""
2021-10-30 00:00:00;6091;396072;""
2021-10-31 00:00:00;4667;365709;""
2021-11-01 00:00:00;6365;419230;""
2021-11-02 00:00:00;7057;404384;""
2021-11-03 00:00:00;8465;524842;""
2021-11-04 00:00:00;7570;517466;""
2021-11-05 00:00:00;8585;524325;""
2021-11-06 00:00:00;6783;439717;""
2021-11-07 00:00:00;4651;364220;""
2021-11-08 00:00:00;6643;467503;""
2021-11-09 00:00:00;8005;469324;""
2021-11-10 00:00:00;8268;573639;""
2021-11-11 00:00:00;7674;520745;""
2021-11-12 00:00:00;8999;599762;""
2021-11-13 00:00:00;6517;440780;""
2021-11-14 00:00:00;4781;381746;""
2021-11-15 00:00:00;6841;523013;""
2021-11-16 00:00:00;7615;506829;""
2021-11-17 00:00:00;9160;615334;""
2021-11-18 00:00:00;8290;621611;""
2021-11-19 00:00:00;7981;614633;""
2021-11-20 00:00:00;6276;501870;""
2021-11-21 00:00:00;4712;422485;""
2021-11-22 00:00:00;7131;598083;""
2021-11-23 00:00:00;8018;592509;""
2021-11-24 00:00:00;8569;657686;""
2021-11-25 00:00:00;7854;597532;""
2021-11-26 00:00:00;6895;613682;""
2021-11-27 00:00:00;6168;485858;""
2021-11-28 00:00:00;5005;434148;""
2021-11-29 00:00:00;7521;630836;""
2021-11-30 00:00:00;8029;600311;""
2021-12-01 00:00:00;9248;702404;""
2021-12-02 00:00:00;10107;707519;""
2021-12-03 00:00:00;8591;730780;""
2021-12-04 00:00:00;5893;536829;""
2021-12-05 00:00:00;7512;461751;""
2021-12-06 00:00:00;6990;597310;""
2021-12-07 00:00:00;7727;639097;""
2021-12-08 00:00:00;8297;711377;""
2021-12-09 00:00:00;8570;698226;""
2021-12-10 00:00:00;8015;693622;""
2021-12-11 00:00:00;6345;520482;""
2021-12-12 00:00:00;4724;459178;""
2021-12-13 00:00:00;6295;607669;""
2021-12-14 00:00:00;7737;636666;""
2021-12-15 00:00:00;9027;740274;""
2021-12-16 00:00:00;7346;744049;""
2021-12-17 00:00:00;7300;767668;""
2021-12-18 00:00:00;6082;572620;""
2021-12-19 00:00:00;4525;514290;""
2021-12-20 00:00:00;6688;737979;""
2021-12-21 00:00:00;7557;758533;""
2021-12-22 00:00:00;10371;914616;""
2021-12-23 00:00:00;7258;1011781;""
2021-12-24 00:00:00;6064;891475;""
2021-12-25 00:00:00;4468;704179;""
2021-12-26 00:00:00;3917;585978;""
2021-12-27 00:00:00;6354;1273863;""
2021-12-28 00:00:00;7684;1336014;""
2021-12-29 00:00:00;7952;1705293;""
2021-12-30 00:00:00;7421;1949656;""
2021-12-31 00:00:00;6682;1744168;""
2022-01-01 00:00:00;4455;1229430;""
2022-01-02 00:00:00;3397;931110;""
2022-01-03 00:00:00;5880;2357378;""
2022-01-04 00:00:00;8077;2514083;""
2022-01-05 00:00:00;7776;2584458;""
2022-01-06 00:00:00;7617;2668159;""
2022-01-07 00:00:00;7252;2954218;""
2022-01-08 00:00:00;5473;2191568;""
2022-01-09 00:00:00;4133;2041551;""
2022-01-10 00:00:00;6571;3160007;""
2022-01-11 00:00:00;9104;3029441;""
2022-01-12 00:00:00;9025;3447251;""
2022-01-13 00:00:00;8229;3185971;""
2022-01-14 00:00:00;7967;3317029;""
2022-01-15 00:00:00;6362;2505594;""
2022-01-16 00:00:00;4552;2187426;""
2022-01-17 00:00:00;6223;2645223;""
2022-01-18 00:00:00;9102;3763673;""
2022-01-19 00:00:00;9931;4082358;""
2022-01-20 00:00:00;9640;3728958;""
2022-01-21 00:00:00;9964;3823257;""
2022-01-22 00:00:00;6200;2780360;""
2022-01-23 00:00:00;5219;2465709;""
2022-01-24 00:00:00;8682;3410252;""
2022-01-25 00:00:00;10480;3650804;""
2022-01-26 00:00:00;10714;3759731;""
2022-01-27 00:00:00;10301;3699391;""
2022-01-28 00:00:00;12346;3658301;""
2022-01-29 00:00:00;8072;2743724;""
2022-01-30 00:00:00;5603;2292339;""
2022-01-31 00:00:00;10193;3548783;""
2022-02-01 00:00:00;12684;3124552;""
2022-02-02 00:00:00;11888;3175560;""
2022-02-03 00:00:00;11637;3186405;""
2022-02-04 00:00:00;13164;2949378;""
2022-02-05 00:00:00;8383;2315870;""
2022-02-06 00:00:00;6015;1891738;""
2022-02-07 00:00:00;10910;2622463;""
2022-02-08 00:00:00;12794;2599641;""
2022-02-09 00:00:00;13126;2427954;""
2022-02-10 00:00:00;11878;2807595;""
2022-02-11 00:00:00;11980;2416325;""
2022-02-12 00:00:00;8844;1930703;""
2022-02-13 00:00:00;5328;1529188;""
2022-02-14 00:00:00;10977;1707258;""
2022-02-15 00:00:00;10654;1867178;""
2022-02-16 00:00:00;13107;2234897;""
2022-02-17 00:00:00;12211;2059490;""
2022-02-18 00:00:00;10639;1980660;""
2022-02-19 00:00:00;8565;1663473;""
2022-02-20 00:00:00;5449;1310210;""
2022-02-21 00:00:00;7277;1398760;""
2022-02-22 00:00:00;10051;1670549;""
2022-02-23 00:00:00;11986;1915002;""
2022-02-24 00:00:00;10808;1785843;""
2022-02-25 00:00:00;9067;1652508;""
2022-02-26 00:00:00;6787;1447974;""
2022-02-27 00:00:00;4754;1159094;""
2022-02-28 00:00:00;7372;1325269;""
2022-03-01 00:00:00;8475;1598691;""
2022-03-02 00:00:00;8174;1657585;""
2022-03-03 00:00:00;8171;1771292;""
2022-03-04 00:00:00;8715;1760925;""
2022-03-05 00:00:00;5896;1480888;""
2022-03-06 00:00:00;4276;1225790;""
2022-03-07 00:00:00;7558;1432116;""
2022-03-08 00:00:00;7212;1739241;""
2022-03-09 00:00:00;7869;1831544;""
2022-03-10 00:00:00;7534;1869405;""
2022-03-11 00:00:00;6208;1871147;""
2022-03-12 00:00:00;4979;1797744;""
2022-03-13 00:00:00;3599;1282568;""
2022-03-14 00:00:00;5316;1613294;""
2022-03-15 00:00:00;5618;1807328;""
2022-03-16 00:00:00;6889;2236939;""
2022-03-17 00:00:00;7084;2076261;""
2022-03-18 00:00:00;5525;1890131;""
2022-03-19 00:00:00;4073;1737949;""
2022-03-20 00:00:00;3371;1091830;""
2022-03-21 00:00:00;16094;1487909;""
2022-03-22 00:00:00;5075;1975160;""
2022-03-23 00:00:00;5982;1801960;""
2022-03-24 00:00:00;5268;1782706;""
2022-03-25 00:00:00;8949;1758256;""
2022-03-26 00:00:00;3095;1376426;""
2022-03-27 00:00:00;2683;960575;""
2022-03-28 00:00:00;3952;1480050;""
2022-03-29 00:00:00;4671;1750333;""
2022-03-30 00:00:00;4928;1596043;""
2022-03-31 00:00:00;4811;1814469;""
2022-04-01 00:00:00;4559;1165151;""
2022-04-02 00:00:00;2864;1067949;""
2022-04-03 00:00:00;1957;807834;""
2022-04-04 00:00:00;3026;921719;""
2022-04-05 00:00:00;4169;1365086;""
2022-04-06 00:00:00;4673;1419168;""
2022-04-07 00:00:00;4305;1250808;""
2022-04-08 00:00:00;3926;1148908;""
2022-04-09 00:00:00;2356;796929;""
2022-04-10 00:00:00;1784;592012;""
2022-04-11 00:00:00;2793;949636;""
2022-04-12 00:00:00;3342;1094493;""
2022-04-13 00:00:00;4037;1059843;""
2022-04-14 00:00:00;3447;956974;""
2022-04-15 00:00:00;2501;696278;""
2022-04-16 00:00:00;1622;593400;""
2022-04-17 00:00:00;1545;428017;""
2022-04-18 00:00:00;1586;479646;""
2022-04-19 00:00:00;3080;939374;""
2022-04-20 00:00:00;4166;948803;""
2022-04-21 00:00:00;3042;896450;""
2022-04-22 00:00:00;2718;804715;""
2022-04-23 00:00:00;1611;517117;""
2022-04-24 00:00:00;1172;385256;""
2022-04-25 00:00:00;2180;579931;""
2022-04-26 00:00:00;3971;642299;""
2022-04-27 00:00:00;3391;813693;""
2022-04-28 00:00:00;2951;730624;""
2022-04-29 00:00:00;2500;629824;""
2022-04-30 00:00:00;1495;364764;""
2022-05-01 00:00:00;1160;313308;""
2022-05-02 00:00:00;1811;457853;""
2022-05-03 00:00:00;2189;665428;""
2022-05-04 00:00:00;3677;616713;""
2022-05-05 00:00:00;2270;588183;""
2022-05-06 00:00:00;2124;617879;""
2022-05-07 00:00:00;1139;347274;""
2022-05-08 00:00:00;846;282135;""
2022-05-09 00:00:00;1908;713933;""
2022-05-10 00:00:00;2009;630727;""
2022-05-11 00:00:00;2202;686534;""
2022-05-12 00:00:00;1950;632690;""
2022-05-13 00:00:00;1867;565709;""
2022-05-14 00:00:00;964;444509;""
2022-05-15 00:00:00;777;375825;""
2022-05-16 00:00:00;1646;606398;""
2022-05-17 00:00:00;1813;594200;""
2022-05-18 00:00:00;2373;747224;""
2022-05-19 00:00:00;1696;586118;""
2022-05-20 00:00:00;1985;619511;""
2022-05-21 00:00:00;1075;370934;""
2022-05-22 00:00:00;610;318126;""
2022-05-23 00:00:00;1600;509010;""
2022-05-24 00:00:00;1650;579236;""
2022-05-25 00:00:00;2600;634500;""
2022-05-26 00:00:00;1424;504314;""
2022-05-27 00:00:00;1915;568198;""
2022-05-28 00:00:00;754;288172;""
2022-05-29 00:00:00;619;277370;""
2022-05-30 00:00:00;1245;406182;""
2022-05-31 00:00:00;1477;618515;""
2022-06-01 00:00:00;2063;692136;""
2022-06-02 00:00:00;1634;524681;""
2022-06-03 00:00:00;1539;541955;""
2022-06-04 00:00:00;662;252962;""
2022-06-05 00:00:00;813;266191;""
2022-06-06 00:00:00;972;436575;""
2022-06-07 00:00:00;2077;650260;""
2022-06-08 00:00:00;2537;699881;""
2022-06-09 00:00:00;1548;564957;""
2022-06-10 00:00:00;1676;544146;""
2022-06-11 00:00:00;913;283492;""
2022-06-12 00:00:00;574;203488;""
2022-06-13 00:00:00;1737;563113;""
2022-06-14 00:00:00;1822;843478;""
2022-06-15 00:00:00;1971;719036;""
2022-06-16 00:00:00;1802;521415;""
2022-06-17 00:00:00;1300;585104;""
2022-06-18 00:00:00;643;228488;""
2022-06-19 00:00:00;680;275201;""
2022-06-20 00:00:00;1667;791047;""
2022-06-21 00:00:00;1633;812257;""
2022-06-22 00:00:00;2033;806103;""
2022-06-23 00:00:00;1793;771988;""
2022-06-24 00:00:00;1780;758252;""
2022-06-25 00:00:00;782;316716;""
2022-06-26 00:00:00;660;287196;""
2022-06-27 00:00:00;1500;924830;""
2022-06-28 00:00:00;1991;933305;""
2022-06-29 00:00:00;1757;931578;""
2022-06-30 00:00:00;1367;1057967;""
2022-07-01 00:00:00;1892;936463;""
2022-07-02 00:00:00;820;358843;""
2022-07-03 00:00:00;737;360519;""
2022-07-04 00:00:00;1145;898337;""
2022-07-05 00:00:00;2229;1188643;""
2022-07-06 00:00:00;2339;1230196;""
2022-07-07 00:00:00;2710;1035227;""
2022-07-08 00:00:00;2307;984316;""
2022-07-09 00:00:00;990;502947;""
2022-07-10 00:00:00;852;426123;""
2022-07-11 00:00:00;1846;1108813;""
2022-07-12 00:00:00;2384;1195266;""
2022-07-13 00:00:00;2665;1451327;""
2022-07-14 00:00:00;2024;958973;""
2022-07-15 00:00:00;2345;1015244;""
2022-07-16 00:00:00;1065;551978;""
2022-07-17 00:00:00;985;459208;""
2022-07-18 00:00:00;2052;1235864;""
2022-07-19 00:00:00;3107;1524203;""
2022-07-20 00:00:00;2949;1596973;""
2022-07-21 00:00:00;2468;1123943;""
2022-07-22 00:00:00;2895;1078549;""
2022-07-23 00:00:00;1254;636551;""
2022-07-24 00:00:00;1029;549870;""
2022-07-25 00:00:00;2021;1026835;""
2022-07-26 00:00:00;2907;1171804;""
2022-07-27 00:00:00;3346;1408144;""
2022-07-28 00:00:00;2731;1095426;""
2022-07-29 00:00:00;3003;1355729;""
2022-07-30 00:00:00;1072;575012;""
2022-07-31 00:00:00;921;545169;""
2022-08-01 00:00:00;2487;909314;""
2022-08-02 00:00:00;2909;1175601;""
2022-08-03 00:00:00;3177;1141473;""
2022-08-04 00:00:00;3102;1437691;""
2022-08-05 00:00:00;2951;889540;""
2022-08-06 00:00:00;1698;1177191;""
2022-08-07 00:00:00;938;497566;""
2022-08-08 00:00:00;2336;845709;""
2022-08-09 00:00:00;3598;1034321;""
2022-08-10 00:00:00;2669;1012119;""
2022-08-11 00:00:00;3193;994294;""
2022-08-12 00:00:00;2825;748358;""
2022-08-13 00:00:00;1441;635536;""
2022-08-14 00:00:00;993;460672;""
2022-08-15 00:00:00;2405;873399;""
2022-08-16 00:00:00;3479;1085895;""
2022-08-17 00:00:00;3263;980804;""
2022-08-18 00:00:00;2932;931761;""
2022-08-19 00:00:00;2692;790354;""
2022-08-20 00:00:00;1158;573415;""
2022-08-21 00:00:00;1719;484314;""
2022-08-22 00:00:00;1450;735393;""
2022-08-23 00:00:00;2929;881736;""
2022-08-24 00:00:00;3044;830756;""
2022-08-25 00:00:00;3011;900500;""
2022-08-26 00:00:00;2573;697562;""
2022-08-27 00:00:00;1177;451819;""
2022-08-28 00:00:00;1020;405977;""
2022-08-29 00:00:00;2038;598459;""
2022-08-30 00:00:00;2369;693648;""
2022-08-31 00:00:00;3490;791665;""
2022-09-01 00:00:00;2571;672215;""
2022-09-02 00:00:00;2717;652294;""
2022-09-03 00:00:00;1043;375759;""
2022-09-04 00:00:00;1108;370169;""
2022-09-05 00:00:00;1424;478022;""
2022-09-06 00:00:00;2334;670879;""
2022-09-07 00:00:00;2195;609838;""
2022-09-08 00:00:00;2216;576762;""
2022-09-09 00:00:00;2298;519002;""
2022-09-10 00:00:00;897;312073;""
2022-09-11 00:00:00;784;314022;""
2022-09-12 00:00:00;1541;509985;""
2022-09-13 00:00:00;1989;544813;""
2022-09-14 00:00:00;2480;690677;""
2022-09-15 00:00:00;2432;602002;""
2022-09-16 00:00:00;2006;452615;""
2022-09-17 00:00:00;823;293851;""
2022-09-18 00:00:00;583;254317;""
2022-09-19 00:00:00;1447;440498;""
2022-09-20 00:00:00;1760;548359;""
2022-09-21 00:00:00;2098;517077;""
2022-09-22 00:00:00;2153;612009;""
2022-09-23 00:00:00;1848;513023;""
2022-09-24 00:00:00;800;263804;""
2022-09-25 00:00:00;506;222673;""
2022-09-26 00:00:00;1405;465041;""
2022-09-27 00:00:00;1612;604006;""
2022-09-28 00:00:00;2329;531576;""
2022-09-29 00:00:00;2296;661467;""
2022-09-30 00:00:00;1443;448109;""
2022-10-01 00:00:00;668;239343;""
2022-10-02 00:00:00;561;200318;""
2022-10-03 00:00:00;1360;319561;""
2022-10-04 00:00:00;1610;657668;""
2022-10-05 00:00:00;2189;580406;""
2022-10-06 00:00:00;1982;680643;""
2022-10-07 00:00:00;1805;522080;""
2022-10-08 00:00:00;705;217816;""
2022-10-09 00:00:00;622;218607;""
2022-10-10 00:00:00;1363;503674;""
2022-10-11 00:00:00;1912;652696;""
2022-10-12 00:00:00;1869;558769;""
2022-10-13 00:00:00;2153;630455;""
2022-10-14 00:00:00;1626;454099;""
2022-10-15 00:00:00;762;216310;""
2022-10-16 00:00:00;524;191908;""
2022-10-17 00:00:00;1789;534805;""
2022-10-18 00:00:00;1851;607600;""
2022-10-19 00:00:00;2229;513319;""
2022-10-20 00:00:00;2047;569636;""
2022-10-21 00:00:00;1959;412677;""
2022-10-22 00:00:00;508;181725;""
2022-10-23 00:00:00;489;160566;""
2022-10-24 00:00:00;1279;426648;""
2022-10-25 00:00:00;2031;573945;""
2022-10-26 00:00:00;2395;450282;""
2022-10-27 00:00:00;1962;452193;""
2022-10-28 00:00:00;1374;349385;""
2022-10-29 00:00:00;571;198903;""
2022-10-30 00:00:00;502;167090;""
2022-10-31 00:00:00;1116;300820;""
2022-11-01 00:00:00;2673;382117;""
2022-11-02 00:00:00;1712;396323;""
2022-11-03 00:00:00;2153;471171;""
2022-11-04 00:00:00;1856;426020;""
2022-11-05 00:00:00;526;200387;""
2022-11-06 00:00:00;480;186005;""
2022-11-07 00:00:00;1107;324713;""
2022-11-08 00:00:00;1166;435570;""
2022-11-09 00:00:00;2029;422818;""
2022-11-10 00:00:00;2766;453968;""
2022-11-11 00:00:00;1562;479528;""